STRUCTURE,STRUCTURE_ID,STRUCTURE_NAME,ACTION,REF_AREA,Reference area,FREQ,Frequency of observation,MEASURE,Measure,UNIT_MEASURE,Unit of measure,AGE,Age,SEX,Sex,SOCIO_ECON_STATUS,Socio-economic status,DEATH_CAUSE,Cause of death,CALC_METHODOLOGY,Calculation methodology,GESTATION_THRESHOLD,Gestation period threshold,HEALTH_STATUS,Health status,DISEASE,Disease,CANCER_SITE,Cancer site,TIME_PERIOD,Time period,OBS_VALUE,Observation value,DECIMALS,Decimals,OBS_STATUS,Observation status,OBS_STATUS2,Observation status 2,OBS_STATUS3,Observation status 3,UNIT_MULT,Unit multiplier
DATAFLOW,OECD.ELS.HD:DSD_HEALTH_STAT@DF_PHS_SES(1.0),Perceived health status by socio-economic status,I,CAN,Canada,A,Annual,PHS,Perceived health status,PT_POP_AGE,Percentage of population in the same age,Y_GE15,15 years or over,_T,Total,Q5,Income quintile 5 (highest),_Z,Not applicable,CRUDE,Crude rate,_Z,Not applicable,G,Good/very good health,_Z,Not applicable,_Z,Not applicable,2021,,93,,,,D,Definition differs,,,,,,
DATAFLOW,OECD.ELS.HD:DSD_HEALTH_STAT@DF_PHS_SES(1.0),Perceived health status by socio-economic status,I,CAN,Canada,A,Annual,PHS,Perceived health status,PT_POP_AGE,Percentage of population in the same age,Y_GE15,15 years or over,_T,Total,Q5,Income quintile 5 (highest),_Z,Not applicable,CRUDE,Crude rate,_Z,Not applicable,G,Good/very good health,_Z,Not applicable,_Z,Not applicable,2020,,93.4,,,,D,Definition differs,,,,,,
DATAFLOW,OECD.ELS.HD:DSD_HEALTH_STAT@DF_PHS_SES(1.0),Perceived health status by socio-economic status,I,USA,United States,A,Annual,PHS,Perceived health status,PT_POP_AGE,Percentage of population in the same age,Y_GE15,15 years or over,_T,Total,Q1,Income quintile 1 (lowest),_Z,Not applicable,CRUDE,Crude rate,_Z,Not applicable,G,Good/very good health,_Z,Not applicable,_Z,Not applicable,2020,,72.8,,,,D,Definition differs,,,,,,
DATAFLOW,OECD.ELS.HD:DSD_HEALTH_STAT@DF_PHS_SES(1.0),Perceived health status by socio-economic status,I,USA,United States,A,Annual,PHS,Perceived health status,PT_POP_AGE,Percentage of population in the same age,Y_GE15,15 years or over,_T,Total,Q1,Income quintile 1 (lowest),_Z,Not applicable,CRUDE,Crude rate,_Z,Not applicable,G,Good/very good health,_Z,Not applicable,_Z,Not applicable,2019,,70.9,,,,D,Definition differs,,,,,,
DATAFLOW,OECD.ELS.HD:DSD_HEALTH_STAT@DF_PHS_SES(1.0),Perceived health status by socio-economic status,I,JPN,Japan,A,Annual,PHS,Perceived health status,PT_POP_AGE,Percentage of population in the same age,Y_GE15,15 years or over,_T,Total,Q5,Income quintile 5 (highest),_Z,Not applicable,CRUDE,Crude rate,_Z,Not applicable,G,Good/very good health,_Z,Not applicable,_Z,Not applicable,2016,,39.4,,,,,,,,,,,
DATAFLOW,OECD.ELS.HD:DSD_HEALTH_STAT@DF_PHS_SES(1.0),Perceived health status by socio-economic status,I,JPN,Japan,A,Annual,PHS,Perceived health status,PT_POP_AGE,Percentage of population in the same age,Y_GE15,15 years or over,_T,Total,Q5,Income quintile 5 (highest),_Z,Not applicable,CRUDE,Crude rate,_Z,Not applicable,G,Good/very good health,_Z,Not applicable,_Z,Not applicable,2022,,44.3,,,,,,,,,,,
DATAFLOW,OECD.ELS.HD:DSD_HEALTH_STAT@DF_PHS_SES(1.0),Perceived health status by socio-economic status,I,USA,United States,A,Annual,PHS,Perceived health status,PT_POP_AGE,Percentage of population in the same age,Y_GE15,15 years or over,_T,Total,Q1,Income quintile 1 (lowest),_Z,Not applicable,CRUDE,Crude rate,_Z,Not applicable,G,Good/very good health,_Z,Not applicable,_Z,Not applicable,2016,,74.3,,,,D,Definition differs,,,,,,
DATAFLOW,OECD.ELS.HD:DSD_HEALTH_STAT@DF_PHS_SES(1.0),Perceived health status by socio-economic status,I,DEU,Germany,A,Annual,PHS,Perceived health status,PT_POP_AGE,Percentage of population in the same age,Y_GE15,15 years or over,_T,Total,Q1,Income quintile 1 (lowest),_Z,Not applicable,CRUDE,Crude rate,_Z,Not applicable,G,Good/very good health,_Z,Not applicable,_Z,Not applicable,2021,,51.2,,,,,,,,,,,
DATAFLOW,OECD.ELS.HD:DSD_HEALTH_STAT@DF_PHS_SES(1.0),Perceived health status by socio-economic status,I,DEU,Germany,A,Annual,PHS,Perceived health status,PT_POP_AGE,Percentage of population in the same age,Y_GE15,15 years or over,_T,Total,Q1,Income quintile 1 (lowest),_Z,Not applicable,CRUDE,Crude rate,_Z,Not applicable,G,Good/very good health,_Z,Not applicable,_Z,Not applicable,2020,,50.1,,,,,,,,,,,
DATAFLOW,OECD.ELS.HD:DSD_HEALTH_STAT@DF_PHS_SES(1.0),Perceived health status by socio-economic status,I,DEU,Germany,A,Annual,PHS,Perceived health status,PT_POP_AGE,Percentage of population in the same age,Y_GE15,15 years or over,_T,Total,Q1,Income quintile 1 (lowest),_Z,Not applicable,CRUDE,Crude rate,_Z,Not applicable,G,Good/very good health,_Z,Not applicable,_Z,Not applicable,2019,,49.4,,,,,,,,,,,
DATAFLOW,OECD.ELS.HD:DSD_HEALTH_STAT@DF_PHS_SES(1.0),Perceived health status by socio-economic status,I,DEU,Germany,A,Annual,PHS,Perceived health status,PT_POP_AGE,Percentage of population in the same age,Y_GE15,15 years or over,_T,Total,Q1,Income quintile 1 (lowest),_Z,Not applicable,CRUDE,Crude rate,_Z,Not applicable,G,Good/very good health,_Z,Not applicable,_Z,Not applicable,2018,,50.9,,,,,,,,,,,
DATAFLOW,OECD.ELS.HD:DSD_HEALTH_STAT@DF_PHS_SES(1.0),Perceived health status by socio-economic status,I,DEU,Germany,A,Annual,PHS,Perceived health status,PT_POP_AGE,Percentage of population in the same age,Y_GE15,15 years or over,_T,Total,Q1,Income quintile 1 (lowest),_Z,Not applicable,CRUDE,Crude rate,_Z,Not applicable,G,Good/very good health,_Z,Not applicable,_Z,Not applicable,2017,,50,,,,,,,,,,,
DATAFLOW,OECD.ELS.HD:DSD_HEALTH_STAT@DF_PHS_SES(1.0),Perceived health status by socio-economic status,I,DEU,Germany,A,Annual,PHS,Perceived health status,PT_POP_AGE,Percentage of population in the same age,Y_GE15,15 years or over,_T,Total,Q1,Income quintile 1 (lowest),_Z,Not applicable,CRUDE,Crude rate,_Z,Not applicable,G,Good/very good health,_Z,Not applicable,_Z,Not applicable,2016,,51.5,,,,,,,,,,,
DATAFLOW,OECD.ELS.HD:DSD_HEALTH_STAT@DF_PHS_SES(1.0),Perceived health status by socio-economic status,I,USA,United States,A,Annual,PHS,Perceived health status,PT_POP_AGE,Percentage of population in the same age,Y_GE15,15 years or over,_T,Total,Q1,Income quintile 1 (lowest),_Z,Not applicable,CRUDE,Crude rate,_Z,Not applicable,G,Good/very good health,_Z,Not applicable,_Z,Not applicable,2022,,72.3,,,,D,Definition differs,,,,,,
DATAFLOW,OECD.ELS.HD:DSD_HEALTH_STAT@DF_PHS_SES(1.0),Perceived health status by socio-economic status,I,USA,United States,A,Annual,PHS,Perceived health status,PT_POP_AGE,Percentage of population in the same age,Y_GE15,15 years or over,_T,Total,Q1,Income quintile 1 (lowest),_Z,Not applicable,CRUDE,Crude rate,_Z,Not applicable,G,Good/very good health,_Z,Not applicable,_Z,Not applicable,2021,,74.8,,,,D,Definition differs,,,,,,
DATAFLOW,OECD.ELS.HD:DSD_HEALTH_STAT@DF_PHS_SES(1.0),Perceived health status by socio-economic status,I,FRA,France,A,Annual,PHS,Perceived health status,PT_POP_AGE,Percentage of population in the same age,Y_GE15,15 years or over,_T,Total,Q5,Income quintile 5 (highest),_Z,Not applicable,CRUDE,Crude rate,_Z,Not applicable,G,Good/very good health,_Z,Not applicable,_Z,Not applicable,2023,,76.8,,,,,,,,,,,
DATAFLOW,OECD.ELS.HD:DSD_HEALTH_STAT@DF_PHS_SES(1.0),Perceived health status by socio-economic status,I,FRA,France,A,Annual,PHS,Perceived health status,PT_POP_AGE,Percentage of population in the same age,Y_GE15,15 years or over,_T,Total,Q5,Income quintile 5 (highest),_Z,Not applicable,CRUDE,Crude rate,_Z,Not applicable,G,Good/very good health,_Z,Not applicable,_Z,Not applicable,2022,,77.4,,,,,,,,,,,
DATAFLOW,OECD.ELS.HD:DSD_HEALTH_STAT@DF_PHS_SES(1.0),Perceived health status by socio-economic status,I,FRA,France,A,Annual,PHS,Perceived health status,PT_POP_AGE,Percentage of population in the same age,Y_GE15,15 years or over,_T,Total,Q5,Income quintile 5 (highest),_Z,Not applicable,CRUDE,Crude rate,_Z,Not applicable,G,Good/very good health,_Z,Not applicable,_Z,Not applicable,2021,,80.1,,,,,,,,,,,
DATAFLOW,OECD.ELS.HD:DSD_HEALTH_STAT@DF_PHS_SES(1.0),Perceived health status by socio-economic status,I,FRA,France,A,Annual,PHS,Perceived health status,PT_POP_AGE,Percentage of population in the same age,Y_GE15,15 years or over,_T,Total,Q5,Income quintile 5 (highest),_Z,Not applicable,CRUDE,Crude rate,_Z,Not applicable,G,Good/very good health,_Z,Not applicable,_Z,Not applicable,2019,,72.1,,,,,,,,,,,
DATAFLOW,OECD.ELS.HD:DSD_HEALTH_STAT@DF_PHS_SES(1.0),Perceived health status by socio-economic status,I,FRA,France,A,Annual,PHS,Perceived health status,PT_POP_AGE,Percentage of population in the same age,Y_GE15,15 years or over,_T,Total,Q5,Income quintile 5 (highest),_Z,Not applicable,CRUDE,Crude rate,_Z,Not applicable,G,Good/very good health,_Z,Not applicable,_Z,Not applicable,2018,,73.7,,,,,,,,,,,
DATAFLOW,OECD.ELS.HD:DSD_HEALTH_STAT@DF_PHS_SES(1.0),Perceived health status by socio-economic status,I,FRA,France,A,Annual,PHS,Perceived health status,PT_POP_AGE,Percentage of population in the same age,Y_GE15,15 years or over,_T,Total,Q5,Income quintile 5 (highest),_Z,Not applicable,CRUDE,Crude rate,_Z,Not applicable,G,Good/very good health,_Z,Not applicable,_Z,Not applicable,2017,,74.4,,,,,,,,,,,
DATAFLOW,OECD.ELS.HD:DSD_HEALTH_STAT@DF_PHS_SES(1.0),Perceived health status by socio-economic status,I,FRA,France,A,Annual,PHS,Perceived health status,PT_POP_AGE,Percentage of population in the same age,Y_GE15,15 years or over,_T,Total,Q5,Income quintile 5 (highest),_Z,Not applicable,CRUDE,Crude rate,_Z,Not applicable,G,Good/very good health,_Z,Not applicable,_Z,Not applicable,2020,,78.7,,,,,,,,,,,
DATAFLOW,OECD.ELS.HD:DSD_HEALTH_STAT@DF_PHS_SES(1.0),Perceived health status by socio-economic status,I,FRA,France,A,Annual,PHS,Perceived health status,PT_POP_AGE,Percentage of population in the same age,Y_GE15,15 years or over,_T,Total,Q5,Income quintile 5 (highest),_Z,Not applicable,CRUDE,Crude rate,_Z,Not applicable,G,Good/very good health,_Z,Not applicable,_Z,Not applicable,2016,,72.1,,,,,,,,,,,
DATAFLOW,OECD.ELS.HD:DSD_HEALTH_STAT@DF_PHS_SES(1.0),Perceived health status by socio-economic status,I,NZL,New Zealand,A,Annual,PHS,Perceived health status,PT_POP_AGE,Percentage of population in the same age,Y_GE15,15 years or over,_T,Total,Q5,Income quintile 5 (highest),_Z,Not applicable,CRUDE,Crude rate,_Z,Not applicable,G,Good/very good health,_Z,Not applicable,_Z,Not applicable,2023,,89.5,,,,D,Definition differs,,,,,,
DATAFLOW,OECD.ELS.HD:DSD_HEALTH_STAT@DF_PHS_SES(1.0),Perceived health status by socio-economic status,I,NZL,New Zealand,A,Annual,PHS,Perceived health status,PT_POP_AGE,Percentage of population in the same age,Y_GE15,15 years or over,_T,Total,Q5,Income quintile 5 (highest),_Z,Not applicable,CRUDE,Crude rate,_Z,Not applicable,G,Good/very good health,_Z,Not applicable,_Z,Not applicable,2022,,92.6,,,,D,Definition differs,,,,,,
DATAFLOW,OECD.ELS.HD:DSD_HEALTH_STAT@DF_PHS_SES(1.0),Perceived health status by socio-economic status,I,NZL,New Zealand,A,Annual,PHS,Perceived health status,PT_POP_AGE,Percentage of population in the same age,Y_GE15,15 years or over,_T,Total,Q5,Income quintile 5 (highest),_Z,Not applicable,CRUDE,Crude rate,_Z,Not applicable,G,Good/very good health,_Z,Not applicable,_Z,Not applicable,2019,,92.2,,,,D,Definition differs,,,,,,
DATAFLOW,OECD.ELS.HD:DSD_HEALTH_STAT@DF_PHS_SES(1.0),Perceived health status by socio-economic status,I,NZL,New Zealand,A,Annual,PHS,Perceived health status,PT_POP_AGE,Percentage of population in the same age,Y_GE15,15 years or over,_T,Total,Q5,Income quintile 5 (highest),_Z,Not applicable,CRUDE,Crude rate,_Z,Not applicable,G,Good/very good health,_Z,Not applicable,_Z,Not applicable,2016,,92.8,,,,D,Definition differs,,,,,,
DATAFLOW,OECD.ELS.HD:DSD_HEALTH_STAT@DF_PHS_SES(1.0),Perceived health status by socio-economic status,I,NZL,New Zealand,A,Annual,PHS,Perceived health status,PT_POP_AGE,Percentage of population in the same age,Y_GE15,15 years or over,_T,Total,Q5,Income quintile 5 (highest),_Z,Not applicable,CRUDE,Crude rate,_Z,Not applicable,G,Good/very good health,_Z,Not applicable,_Z,Not applicable,2021,,92,,,,D,Definition differs,,,,,,
DATAFLOW,OECD.ELS.HD:DSD_HEALTH_STAT@DF_PHS_SES(1.0),Perceived health status by socio-economic status,I,NZL,New Zealand,A,Annual,PHS,Perceived health status,PT_POP_AGE,Percentage of population in the same age,Y_GE15,15 years or over,_T,Total,Q5,Income quintile 5 (highest),_Z,Not applicable,CRUDE,Crude rate,_Z,Not applicable,G,Good/very good health,_Z,Not applicable,_Z,Not applicable,2020,,91.9,,,,D,Definition differs,,,,,,
DATAFLOW,OECD.ELS.HD:DSD_HEALTH_STAT@DF_PHS_SES(1.0),Perceived health status by socio-economic status,I,NZL,New Zealand,A,Annual,PHS,Perceived health status,PT_POP_AGE,Percentage of population in the same age,Y_GE15,15 years or over,_T,Total,Q5,Income quintile 5 (highest),_Z,Not applicable,CRUDE,Crude rate,_Z,Not applicable,G,Good/very good health,_Z,Not applicable,_Z,Not applicable,2018,,91.9,,,,D,Definition differs,,,,,,
DATAFLOW,OECD.ELS.HD:DSD_HEALTH_STAT@DF_PHS_SES(1.0),Perceived health status by socio-economic status,I,NZL,New Zealand,A,Annual,PHS,Perceived health status,PT_POP_AGE,Percentage of population in the same age,Y_GE15,15 years or over,_T,Total,Q5,Income quintile 5 (highest),_Z,Not applicable,CRUDE,Crude rate,_Z,Not applicable,G,Good/very good health,_Z,Not applicable,_Z,Not applicable,2017,,93.3,,,,D,Definition differs,,,,,,
DATAFLOW,OECD.ELS.HD:DSD_HEALTH_STAT@DF_PHS_SES(1.0),Perceived health status by socio-economic status,I,CAN,Canada,A,Annual,PHS,Perceived health status,PT_POP_AGE,Percentage of population in the same age,Y_GE15,15 years or over,_T,Total,Q5,Income quintile 5 (highest),_Z,Not applicable,CRUDE,Crude rate,_Z,Not applicable,G,Good/very good health,_Z,Not applicable,_Z,Not applicable,2018,,93.8,,,,D,Definition differs,,,,,,
DATAFLOW,OECD.ELS.HD:DSD_HEALTH_STAT@DF_PHS_SES(1.0),Perceived health status by socio-economic status,I,CAN,Canada,A,Annual,PHS,Perceived health status,PT_POP_AGE,Percentage of population in the same age,Y_GE15,15 years or over,_T,Total,Q5,Income quintile 5 (highest),_Z,Not applicable,CRUDE,Crude rate,_Z,Not applicable,G,Good/very good health,_Z,Not applicable,_Z,Not applicable,2017,,94.3,,,,D,Definition differs,,,,,,
DATAFLOW,OECD.ELS.HD:DSD_HEALTH_STAT@DF_PHS_SES(1.0),Perceived health status by socio-economic status,I,CAN,Canada,A,Annual,PHS,Perceived health status,PT_POP_AGE,Percentage of population in the same age,Y_GE15,15 years or over,_T,Total,Q5,Income quintile 5 (highest),_Z,Not applicable,CRUDE,Crude rate,_Z,Not applicable,G,Good/very good health,_Z,Not applicable,_Z,Not applicable,2016,,94.4,,,,D,Definition differs,,,,,,
DATAFLOW,OECD.ELS.HD:DSD_HEALTH_STAT@DF_PHS_SES(1.0),Perceived health status by socio-economic status,I,USA,United States,A,Annual,PHS,Perceived health status,PT_POP_AGE,Percentage of population in the same age,Y_GE15,15 years or over,_T,Total,Q1,Income quintile 1 (lowest),_Z,Not applicable,CRUDE,Crude rate,_Z,Not applicable,G,Good/very good health,_Z,Not applicable,_Z,Not applicable,2018,,74.7,,,,D,Definition differs,,,,,,
DATAFLOW,OECD.ELS.HD:DSD_HEALTH_STAT@DF_PHS_SES(1.0),Perceived health status by socio-economic status,I,USA,United States,A,Annual,PHS,Perceived health status,PT_POP_AGE,Percentage of population in the same age,Y_GE15,15 years or over,_T,Total,Q1,Income quintile 1 (lowest),_Z,Not applicable,CRUDE,Crude rate,_Z,Not applicable,G,Good/very good health,_Z,Not applicable,_Z,Not applicable,2017,,74.6,,,,D,Definition differs,,,,,,
DATAFLOW,OECD.ELS.HD:DSD_HEALTH_STAT@DF_PHS_SES(1.0),Perceived health status by socio-economic status,I,CAN,Canada,A,Annual,PHS,Perceived health status,PT_POP_AGE,Percentage of population in the same age,Y_GE15,15 years or over,_T,Total,Q5,Income quintile 5 (highest),_Z,Not applicable,CRUDE,Crude rate,_Z,Not applicable,G,Good/very good health,_Z,Not applicable,_Z,Not applicable,2022,,90.6,,,,D,Definition differs,,,,,,
DATAFLOW,OECD.ELS.HD:DSD_HEALTH_STAT@DF_PHS_SES(1.0),Perceived health status by socio-economic status,I,CAN,Canada,A,Annual,PHS,Perceived health status,PT_POP_AGE,Percentage of population in the same age,Y_GE15,15 years or over,_T,Total,Q5,Income quintile 5 (highest),_Z,Not applicable,CRUDE,Crude rate,_Z,Not applicable,G,Good/very good health,_Z,Not applicable,_Z,Not applicable,2019,,93.2,,,,D,Definition differs,,,,,,
DATAFLOW,OECD.ELS.HD:DSD_HEALTH_STAT@DF_PHS_SES(1.0),Perceived health status by socio-economic status,I,GBR,United Kingdom,A,Annual,PHS,Perceived health status,PT_POP_AGE,Percentage of population in the same age,Y_GE15,15 years or over,_T,Total,Q5,Income quintile 5 (highest),_Z,Not applicable,CRUDE,Crude rate,_Z,Not applicable,G,Good/very good health,_Z,Not applicable,_Z,Not applicable,2017,,86.4,,,,,,,,,,,
DATAFLOW,OECD.ELS.HD:DSD_HEALTH_STAT@DF_PHS_SES(1.0),Perceived health status by socio-economic status,I,GBR,United Kingdom,A,Annual,PHS,Perceived health status,PT_POP_AGE,Percentage of population in the same age,Y_GE15,15 years or over,_T,Total,Q5,Income quintile 5 (highest),_Z,Not applicable,CRUDE,Crude rate,_Z,Not applicable,G,Good/very good health,_Z,Not applicable,_Z,Not applicable,2016,,83.3,,,,,,,,,,,
DATAFLOW,OECD.ELS.HD:DSD_HEALTH_STAT@DF_PHS_SES(1.0),Perceived health status by socio-economic status,I,GBR,United Kingdom,A,Annual,PHS,Perceived health status,PT_POP_AGE,Percentage of population in the same age,Y_GE15,15 years or over,_T,Total,Q5,Income quintile 5 (highest),_Z,Not applicable,CRUDE,Crude rate,_Z,Not applicable,G,Good/very good health,_Z,Not applicable,_Z,Not applicable,2019,,82.9,,,,B,Time series break,,,,,,
DATAFLOW,OECD.ELS.HD:DSD_HEALTH_STAT@DF_PHS_SES(1.0),Perceived health status by socio-economic status,I,GBR,United Kingdom,A,Annual,PHS,Perceived health status,PT_POP_AGE,Percentage of population in the same age,Y_GE15,15 years or over,_T,Total,Q5,Income quintile 5 (highest),_Z,Not applicable,CRUDE,Crude rate,_Z,Not applicable,G,Good/very good health,_Z,Not applicable,_Z,Not applicable,2018,,84.1,,,,,,,,,,,
DATAFLOW,OECD.ELS.HD:DSD_HEALTH_STAT@DF_PHS_SES(1.0),Perceived health status by socio-economic status,I,DNK,Denmark,A,Annual,PHS,Perceived health status,PT_POP_AGE,Percentage of population in the same age,Y_GE15,15 years or over,_T,Total,Q1,Income quintile 1 (lowest),_Z,Not applicable,CRUDE,Crude rate,_Z,Not applicable,G,Good/very good health,_Z,Not applicable,_Z,Not applicable,2021,,57.9,,,,,,,,,,,
DATAFLOW,OECD.ELS.HD:DSD_HEALTH_STAT@DF_PHS_SES(1.0),Perceived health status by socio-economic status,I,DNK,Denmark,A,Annual,PHS,Perceived health status,PT_POP_AGE,Percentage of population in the same age,Y_GE15,15 years or over,_T,Total,Q1,Income quintile 1 (lowest),_Z,Not applicable,CRUDE,Crude rate,_Z,Not applicable,G,Good/very good health,_Z,Not applicable,_Z,Not applicable,2020,,64.7,,,,,,,,,,,
DATAFLOW,OECD.ELS.HD:DSD_HEALTH_STAT@DF_PHS_SES(1.0),Perceived health status by socio-economic status,I,DNK,Denmark,A,Annual,PHS,Perceived health status,PT_POP_AGE,Percentage of population in the same age,Y_GE15,15 years or over,_T,Total,Q1,Income quintile 1 (lowest),_Z,Not applicable,CRUDE,Crude rate,_Z,Not applicable,G,Good/very good health,_Z,Not applicable,_Z,Not applicable,2019,,62.2,,,,,,,,,,,
DATAFLOW,OECD.ELS.HD:DSD_HEALTH_STAT@DF_PHS_SES(1.0),Perceived health status by socio-economic status,I,DNK,Denmark,A,Annual,PHS,Perceived health status,PT_POP_AGE,Percentage of population in the same age,Y_GE15,15 years or over,_T,Total,Q1,Income quintile 1 (lowest),_Z,Not applicable,CRUDE,Crude rate,_Z,Not applicable,G,Good/very good health,_Z,Not applicable,_Z,Not applicable,2018,,65.1,,,,,,,,,,,
DATAFLOW,OECD.ELS.HD:DSD_HEALTH_STAT@DF_PHS_SES(1.0),Perceived health status by socio-economic status,I,DNK,Denmark,A,Annual,PHS,Perceived health status,PT_POP_AGE,Percentage of population in the same age,Y_GE15,15 years or over,_T,Total,Q1,Income quintile 1 (lowest),_Z,Not applicable,CRUDE,Crude rate,_Z,Not applicable,G,Good/very good health,_Z,Not applicable,_Z,Not applicable,2017,,64,,,,,,,,,,,
DATAFLOW,OECD.ELS.HD:DSD_HEALTH_STAT@DF_PHS_SES(1.0),Perceived health status by socio-economic status,I,DNK,Denmark,A,Annual,PHS,Perceived health status,PT_POP_AGE,Percentage of population in the same age,Y_GE15,15 years or over,_T,Total,Q1,Income quintile 1 (lowest),_Z,Not applicable,CRUDE,Crude rate,_Z,Not applicable,G,Good/very good health,_Z,Not applicable,_Z,Not applicable,2016,,66,,,,,,,,,,,
DATAFLOW,OECD.ELS.HD:DSD_HEALTH_STAT@DF_PHS_SES(1.0),Perceived health status by socio-economic status,I,DNK,Denmark,A,Annual,PHS,Perceived health status,PT_POP_AGE,Percentage of population in the same age,Y_GE15,15 years or over,_T,Total,Q1,Income quintile 1 (lowest),_Z,Not applicable,CRUDE,Crude rate,_Z,Not applicable,G,Good/very good health,_Z,Not applicable,_Z,Not applicable,2023,,53.9,,,,,,,,,,,
DATAFLOW,OECD.ELS.HD:DSD_HEALTH_STAT@DF_PHS_SES(1.0),Perceived health status by socio-economic status,I,DNK,Denmark,A,Annual,PHS,Perceived health status,PT_POP_AGE,Percentage of population in the same age,Y_GE15,15 years or over,_T,Total,Q1,Income quintile 1 (lowest),_Z,Not applicable,CRUDE,Crude rate,_Z,Not applicable,G,Good/very good health,_Z,Not applicable,_Z,Not applicable,2022,,53.7,,,,,,,,,,,
DATAFLOW,OECD.ELS.HD:DSD_HEALTH_STAT@DF_PHS_SES(1.0),Perceived health status by socio-economic status,I,SWE,Sweden,A,Annual,PHS,Perceived health status,PT_POP_AGE,Percentage of population in the same age,Y_GE15,15 years or over,_T,Total,Q1,Income quintile 1 (lowest),_Z,Not applicable,CRUDE,Crude rate,_Z,Not applicable,G,Good/very good health,_Z,Not applicable,_Z,Not applicable,2021,,62.8,,,,,,,,,,,
DATAFLOW,OECD.ELS.HD:DSD_HEALTH_STAT@DF_PHS_SES(1.0),Perceived health status by socio-economic status,I,SWE,Sweden,A,Annual,PHS,Perceived health status,PT_POP_AGE,Percentage of population in the same age,Y_GE15,15 years or over,_T,Total,Q1,Income quintile 1 (lowest),_Z,Not applicable,CRUDE,Crude rate,_Z,Not applicable,G,Good/very good health,_Z,Not applicable,_Z,Not applicable,2020,,66.4,,,,,,,,,,,
DATAFLOW,OECD.ELS.HD:DSD_HEALTH_STAT@DF_PHS_SES(1.0),Perceived health status by socio-economic status,I,SWE,Sweden,A,Annual,PHS,Perceived health status,PT_POP_AGE,Percentage of population in the same age,Y_GE15,15 years or over,_T,Total,Q1,Income quintile 1 (lowest),_Z,Not applicable,CRUDE,Crude rate,_Z,Not applicable,G,Good/very good health,_Z,Not applicable,_Z,Not applicable,2019,,64.6,,,,,,,,,,,
DATAFLOW,OECD.ELS.HD:DSD_HEALTH_STAT@DF_PHS_SES(1.0),Perceived health status by socio-economic status,I,SWE,Sweden,A,Annual,PHS,Perceived health status,PT_POP_AGE,Percentage of population in the same age,Y_GE15,15 years or over,_T,Total,Q1,Income quintile 1 (lowest),_Z,Not applicable,CRUDE,Crude rate,_Z,Not applicable,G,Good/very good health,_Z,Not applicable,_Z,Not applicable,2018,,64.4,,,,,,,,,,,
DATAFLOW,OECD.ELS.HD:DSD_HEALTH_STAT@DF_PHS_SES(1.0),Perceived health status by socio-economic status,I,SWE,Sweden,A,Annual,PHS,Perceived health status,PT_POP_AGE,Percentage of population in the same age,Y_GE15,15 years or over,_T,Total,Q1,Income quintile 1 (lowest),_Z,Not applicable,CRUDE,Crude rate,_Z,Not applicable,G,Good/very good health,_Z,Not applicable,_Z,Not applicable,2017,,67.1,,,,,,,,,,,
DATAFLOW,OECD.ELS.HD:DSD_HEALTH_STAT@DF_PHS_SES(1.0),Perceived health status by socio-economic status,I,SWE,Sweden,A,Annual,PHS,Perceived health status,PT_POP_AGE,Percentage of population in the same age,Y_GE15,15 years or over,_T,Total,Q1,Income quintile 1 (lowest),_Z,Not applicable,CRUDE,Crude rate,_Z,Not applicable,G,Good/very good health,_Z,Not applicable,_Z,Not applicable,2016,,63.6,,,,,,,,,,,
DATAFLOW,OECD.ELS.HD:DSD_HEALTH_STAT@DF_PHS_SES(1.0),Perceived health status by socio-economic status,I,SWE,Sweden,A,Annual,PHS,Perceived health status,PT_POP_AGE,Percentage of population in the same age,Y_GE15,15 years or over,_T,Total,Q1,Income quintile 1 (lowest),_Z,Not applicable,CRUDE,Crude rate,_Z,Not applicable,G,Good/very good health,_Z,Not applicable,_Z,Not applicable,2023,,57.1,,,,,,,,,,,
DATAFLOW,OECD.ELS.HD:DSD_HEALTH_STAT@DF_PHS_SES(1.0),Perceived health status by socio-economic status,I,SWE,Sweden,A,Annual,PHS,Perceived health status,PT_POP_AGE,Percentage of population in the same age,Y_GE15,15 years or over,_T,Total,Q1,Income quintile 1 (lowest),_Z,Not applicable,CRUDE,Crude rate,_Z,Not applicable,G,Good/very good health,_Z,Not applicable,_Z,Not applicable,2022,,57.2,,,,,,,,,,,
DATAFLOW,OECD.ELS.HD:DSD_HEALTH_STAT@DF_PHS_SES(1.0),Perceived health status by socio-economic status,I,JPN,Japan,A,Annual,PHS,Perceived health status,PT_POP_AGE,Percentage of population in the same age,Y_GE15,15 years or over,_T,Total,Q1,Income quintile 1 (lowest),_Z,Not applicable,CRUDE,Crude rate,_Z,Not applicable,G,Good/very good health,_Z,Not applicable,_Z,Not applicable,2019,,29.4,,,,,,,,,,,
DATAFLOW,OECD.ELS.HD:DSD_HEALTH_STAT@DF_PHS_SES(1.0),Perceived health status by socio-economic status,I,JPN,Japan,A,Annual,PHS,Perceived health status,PT_POP_AGE,Percentage of population in the same age,Y_GE15,15 years or over,_T,Total,Q1,Income quintile 1 (lowest),_Z,Not applicable,CRUDE,Crude rate,_Z,Not applicable,G,Good/very good health,_Z,Not applicable,_Z,Not applicable,2016,,28,,,,,,,,,,,
DATAFLOW,OECD.ELS.HD:DSD_HEALTH_STAT@DF_PHS_SES(1.0),Perceived health status by socio-economic status,I,JPN,Japan,A,Annual,PHS,Perceived health status,PT_POP_AGE,Percentage of population in the same age,Y_GE15,15 years or over,_T,Total,Q1,Income quintile 1 (lowest),_Z,Not applicable,CRUDE,Crude rate,_Z,Not applicable,G,Good/very good health,_Z,Not applicable,_Z,Not applicable,2022,,27.8,,,,,,,,,,,
DATAFLOW,OECD.ELS.HD:DSD_HEALTH_STAT@DF_PHS_SES(1.0),Perceived health status by socio-economic status,I,FRA,France,A,Annual,PHS,Perceived health status,PT_POP_AGE,Percentage of population in the same age,Y_GE15,15 years or over,_T,Total,Q1,Income quintile 1 (lowest),_Z,Not applicable,CRUDE,Crude rate,_Z,Not applicable,G,Good/very good health,_Z,Not applicable,_Z,Not applicable,2021,,58.3,,,,,,,,,,,
DATAFLOW,OECD.ELS.HD:DSD_HEALTH_STAT@DF_PHS_SES(1.0),Perceived health status by socio-economic status,I,FRA,France,A,Annual,PHS,Perceived health status,PT_POP_AGE,Percentage of population in the same age,Y_GE15,15 years or over,_T,Total,Q1,Income quintile 1 (lowest),_Z,Not applicable,CRUDE,Crude rate,_Z,Not applicable,G,Good/very good health,_Z,Not applicable,_Z,Not applicable,2020,,61.1,,,,,,,,,,,
DATAFLOW,OECD.ELS.HD:DSD_HEALTH_STAT@DF_PHS_SES(1.0),Perceived health status by socio-economic status,I,FRA,France,A,Annual,PHS,Perceived health status,PT_POP_AGE,Percentage of population in the same age,Y_GE15,15 years or over,_T,Total,Q1,Income quintile 1 (lowest),_Z,Not applicable,CRUDE,Crude rate,_Z,Not applicable,G,Good/very good health,_Z,Not applicable,_Z,Not applicable,2019,,57.7,,,,,,,,,,,
DATAFLOW,OECD.ELS.HD:DSD_HEALTH_STAT@DF_PHS_SES(1.0),Perceived health status by socio-economic status,I,FRA,France,A,Annual,PHS,Perceived health status,PT_POP_AGE,Percentage of population in the same age,Y_GE15,15 years or over,_T,Total,Q1,Income quintile 1 (lowest),_Z,Not applicable,CRUDE,Crude rate,_Z,Not applicable,G,Good/very good health,_Z,Not applicable,_Z,Not applicable,2018,,61,,,,,,,,,,,
DATAFLOW,OECD.ELS.HD:DSD_HEALTH_STAT@DF_PHS_SES(1.0),Perceived health status by socio-economic status,I,FRA,France,A,Annual,PHS,Perceived health status,PT_POP_AGE,Percentage of population in the same age,Y_GE15,15 years or over,_T,Total,Q1,Income quintile 1 (lowest),_Z,Not applicable,CRUDE,Crude rate,_Z,Not applicable,G,Good/very good health,_Z,Not applicable,_Z,Not applicable,2017,,62.6,,,,,,,,,,,
DATAFLOW,OECD.ELS.HD:DSD_HEALTH_STAT@DF_PHS_SES(1.0),Perceived health status by socio-economic status,I,FRA,France,A,Annual,PHS,Perceived health status,PT_POP_AGE,Percentage of population in the same age,Y_GE15,15 years or over,_T,Total,Q1,Income quintile 1 (lowest),_Z,Not applicable,CRUDE,Crude rate,_Z,Not applicable,G,Good/very good health,_Z,Not applicable,_Z,Not applicable,2016,,61.4,,,,,,,,,,,
DATAFLOW,OECD.ELS.HD:DSD_HEALTH_STAT@DF_PHS_SES(1.0),Perceived health status by socio-economic status,I,FRA,France,A,Annual,PHS,Perceived health status,PT_POP_AGE,Percentage of population in the same age,Y_GE15,15 years or over,_T,Total,Q1,Income quintile 1 (lowest),_Z,Not applicable,CRUDE,Crude rate,_Z,Not applicable,G,Good/very good health,_Z,Not applicable,_Z,Not applicable,2023,,55,,,,,,,,,,,
DATAFLOW,OECD.ELS.HD:DSD_HEALTH_STAT@DF_PHS_SES(1.0),Perceived health status by socio-economic status,I,FRA,France,A,Annual,PHS,Perceived health status,PT_POP_AGE,Percentage of population in the same age,Y_GE15,15 years or over,_T,Total,Q1,Income quintile 1 (lowest),_Z,Not applicable,CRUDE,Crude rate,_Z,Not applicable,G,Good/very good health,_Z,Not applicable,_Z,Not applicable,2022,,56.2,,,,,,,,,,,
DATAFLOW,OECD.ELS.HD:DSD_HEALTH_STAT@DF_PHS_SES(1.0),Perceived health status by socio-economic status,I,NOR,Norway,A,Annual,PHS,Perceived health status,PT_POP_AGE,Percentage of population in the same age,Y_GE15,15 years or over,_T,Total,Q1,Income quintile 1 (lowest),_Z,Not applicable,CRUDE,Crude rate,_Z,Not applicable,G,Good/very good health,_Z,Not applicable,_Z,Not applicable,2018,,69.4,,,,,,,,,,,
DATAFLOW,OECD.ELS.HD:DSD_HEALTH_STAT@DF_PHS_SES(1.0),Perceived health status by socio-economic status,I,NOR,Norway,A,Annual,PHS,Perceived health status,PT_POP_AGE,Percentage of population in the same age,Y_GE15,15 years or over,_T,Total,Q1,Income quintile 1 (lowest),_Z,Not applicable,CRUDE,Crude rate,_Z,Not applicable,G,Good/very good health,_Z,Not applicable,_Z,Not applicable,2017,,69.3,,,,,,,,,,,
DATAFLOW,OECD.ELS.HD:DSD_HEALTH_STAT@DF_PHS_SES(1.0),Perceived health status by socio-economic status,I,NOR,Norway,A,Annual,PHS,Perceived health status,PT_POP_AGE,Percentage of population in the same age,Y_GE15,15 years or over,_T,Total,Q1,Income quintile 1 (lowest),_Z,Not applicable,CRUDE,Crude rate,_Z,Not applicable,G,Good/very good health,_Z,Not applicable,_Z,Not applicable,2016,,69,,,,,,,,,,,
DATAFLOW,OECD.ELS.HD:DSD_HEALTH_STAT@DF_PHS_SES(1.0),Perceived health status by socio-economic status,I,NOR,Norway,A,Annual,PHS,Perceived health status,PT_POP_AGE,Percentage of population in the same age,Y_GE15,15 years or over,_T,Total,Q1,Income quintile 1 (lowest),_Z,Not applicable,CRUDE,Crude rate,_Z,Not applicable,G,Good/very good health,_Z,Not applicable,_Z,Not applicable,2021,,67.9,,,,,,,,,,,
DATAFLOW,OECD.ELS.HD:DSD_HEALTH_STAT@DF_PHS_SES(1.0),Perceived health status by socio-economic status,I,NOR,Norway,A,Annual,PHS,Perceived health status,PT_POP_AGE,Percentage of population in the same age,Y_GE15,15 years or over,_T,Total,Q1,Income quintile 1 (lowest),_Z,Not applicable,CRUDE,Crude rate,_Z,Not applicable,G,Good/very good health,_Z,Not applicable,_Z,Not applicable,2020,,64.9,,,,,,,,,,,
DATAFLOW,OECD.ELS.HD:DSD_HEALTH_STAT@DF_PHS_SES(1.0),Perceived health status by socio-economic status,I,NOR,Norway,A,Annual,PHS,Perceived health status,PT_POP_AGE,Percentage of population in the same age,Y_GE15,15 years or over,_T,Total,Q1,Income quintile 1 (lowest),_Z,Not applicable,CRUDE,Crude rate,_Z,Not applicable,G,Good/very good health,_Z,Not applicable,_Z,Not applicable,2019,,64.5,,,,,,,,,,,
DATAFLOW,OECD.ELS.HD:DSD_HEALTH_STAT@DF_PHS_SES(1.0),Perceived health status by socio-economic status,I,NOR,Norway,A,Annual,PHS,Perceived health status,PT_POP_AGE,Percentage of population in the same age,Y_GE15,15 years or over,_T,Total,Q1,Income quintile 1 (lowest),_Z,Not applicable,CRUDE,Crude rate,_Z,Not applicable,G,Good/very good health,_Z,Not applicable,_Z,Not applicable,2023,,65.4,,,,,,,,,,,
DATAFLOW,OECD.ELS.HD:DSD_HEALTH_STAT@DF_PHS_SES(1.0),Perceived health status by socio-economic status,I,NOR,Norway,A,Annual,PHS,Perceived health status,PT_POP_AGE,Percentage of population in the same age,Y_GE15,15 years or over,_T,Total,Q1,Income quintile 1 (lowest),_Z,Not applicable,CRUDE,Crude rate,_Z,Not applicable,G,Good/very good health,_Z,Not applicable,_Z,Not applicable,2022,,66.8,,,,,,,,,,,
DATAFLOW,OECD.ELS.HD:DSD_HEALTH_STAT@DF_PHS_SES(1.0),Perceived health status by socio-economic status,I,JPN,Japan,A,Annual,PHS,Perceived health status,PT_POP_AGE,Percentage of population in the same age,Y_GE15,15 years or over,_T,Total,Q5,Income quintile 5 (highest),_Z,Not applicable,CRUDE,Crude rate,_Z,Not applicable,G,Good/very good health,_Z,Not applicable,_Z,Not applicable,2019,,41.7,,,,,,,,,,,
DATAFLOW,OECD.ELS.HD:DSD_HEALTH_STAT@DF_PHS_SES(1.0),Perceived health status by socio-economic status,I,DEU,Germany,A,Annual,PHS,Perceived health status,PT_POP_AGE,Percentage of population in the same age,Y_GE15,15 years or over,_T,Total,Q1,Income quintile 1 (lowest),_Z,Not applicable,CRUDE,Crude rate,_Z,Not applicable,G,Good/very good health,_Z,Not applicable,_Z,Not applicable,2023,,53.1,,,,,,,,,,,
DATAFLOW,OECD.ELS.HD:DSD_HEALTH_STAT@DF_PHS_SES(1.0),Perceived health status by socio-economic status,I,DEU,Germany,A,Annual,PHS,Perceived health status,PT_POP_AGE,Percentage of population in the same age,Y_GE15,15 years or over,_T,Total,Q1,Income quintile 1 (lowest),_Z,Not applicable,CRUDE,Crude rate,_Z,Not applicable,G,Good/very good health,_Z,Not applicable,_Z,Not applicable,2022,,51.7,,,,,,,,,,,
DATAFLOW,OECD.ELS.HD:DSD_HEALTH_STAT@DF_PHS_SES(1.0),Perceived health status by socio-economic status,I,SWE,Sweden,A,Annual,PHS,Perceived health status,PT_POP_AGE,Percentage of population in the same age,Y_GE15,15 years or over,_T,Total,Q5,Income quintile 5 (highest),_Z,Not applicable,CRUDE,Crude rate,_Z,Not applicable,G,Good/very good health,_Z,Not applicable,_Z,Not applicable,2021,,81.9,,,,,,,,,,,
DATAFLOW,OECD.ELS.HD:DSD_HEALTH_STAT@DF_PHS_SES(1.0),Perceived health status by socio-economic status,I,SWE,Sweden,A,Annual,PHS,Perceived health status,PT_POP_AGE,Percentage of population in the same age,Y_GE15,15 years or over,_T,Total,Q5,Income quintile 5 (highest),_Z,Not applicable,CRUDE,Crude rate,_Z,Not applicable,G,Good/very good health,_Z,Not applicable,_Z,Not applicable,2020,,87,,,,,,,,,,,
DATAFLOW,OECD.ELS.HD:DSD_HEALTH_STAT@DF_PHS_SES(1.0),Perceived health status by socio-economic status,I,SWE,Sweden,A,Annual,PHS,Perceived health status,PT_POP_AGE,Percentage of population in the same age,Y_GE15,15 years or over,_T,Total,Q5,Income quintile 5 (highest),_Z,Not applicable,CRUDE,Crude rate,_Z,Not applicable,G,Good/very good health,_Z,Not applicable,_Z,Not applicable,2019,,87.1,,,,,,,,,,,
DATAFLOW,OECD.ELS.HD:DSD_HEALTH_STAT@DF_PHS_SES(1.0),Perceived health status by socio-economic status,I,SWE,Sweden,A,Annual,PHS,Perceived health status,PT_POP_AGE,Percentage of population in the same age,Y_GE15,15 years or over,_T,Total,Q5,Income quintile 5 (highest),_Z,Not applicable,CRUDE,Crude rate,_Z,Not applicable,G,Good/very good health,_Z,Not applicable,_Z,Not applicable,2018,,85.6,,,,,,,,,,,
DATAFLOW,OECD.ELS.HD:DSD_HEALTH_STAT@DF_PHS_SES(1.0),Perceived health status by socio-economic status,I,SWE,Sweden,A,Annual,PHS,Perceived health status,PT_POP_AGE,Percentage of population in the same age,Y_GE15,15 years or over,_T,Total,Q5,Income quintile 5 (highest),_Z,Not applicable,CRUDE,Crude rate,_Z,Not applicable,G,Good/very good health,_Z,Not applicable,_Z,Not applicable,2017,,87,,,,,,,,,,,
DATAFLOW,OECD.ELS.HD:DSD_HEALTH_STAT@DF_PHS_SES(1.0),Perceived health status by socio-economic status,I,SWE,Sweden,A,Annual,PHS,Perceived health status,PT_POP_AGE,Percentage of population in the same age,Y_GE15,15 years or over,_T,Total,Q5,Income quintile 5 (highest),_Z,Not applicable,CRUDE,Crude rate,_Z,Not applicable,G,Good/very good health,_Z,Not applicable,_Z,Not applicable,2016,,86.1,,,,,,,,,,,
DATAFLOW,OECD.ELS.HD:DSD_HEALTH_STAT@DF_PHS_SES(1.0),Perceived health status by socio-economic status,I,SWE,Sweden,A,Annual,PHS,Perceived health status,PT_POP_AGE,Percentage of population in the same age,Y_GE15,15 years or over,_T,Total,Q5,Income quintile 5 (highest),_Z,Not applicable,CRUDE,Crude rate,_Z,Not applicable,G,Good/very good health,_Z,Not applicable,_Z,Not applicable,2023,,77.9,,,,,,,,,,,
DATAFLOW,OECD.ELS.HD:DSD_HEALTH_STAT@DF_PHS_SES(1.0),Perceived health status by socio-economic status,I,SWE,Sweden,A,Annual,PHS,Perceived health status,PT_POP_AGE,Percentage of population in the same age,Y_GE15,15 years or over,_T,Total,Q5,Income quintile 5 (highest),_Z,Not applicable,CRUDE,Crude rate,_Z,Not applicable,G,Good/very good health,_Z,Not applicable,_Z,Not applicable,2022,,77.5,,,,,,,,,,,
DATAFLOW,OECD.ELS.HD:DSD_HEALTH_STAT@DF_PHS_SES(1.0),Perceived health status by socio-economic status,I,DNK,Denmark,A,Annual,PHS,Perceived health status,PT_POP_AGE,Percentage of population in the same age,Y_GE15,15 years or over,_T,Total,Q5,Income quintile 5 (highest),_Z,Not applicable,CRUDE,Crude rate,_Z,Not applicable,G,Good/very good health,_Z,Not applicable,_Z,Not applicable,2021,,81.5,,,,,,,,,,,
DATAFLOW,OECD.ELS.HD:DSD_HEALTH_STAT@DF_PHS_SES(1.0),Perceived health status by socio-economic status,I,DNK,Denmark,A,Annual,PHS,Perceived health status,PT_POP_AGE,Percentage of population in the same age,Y_GE15,15 years or over,_T,Total,Q5,Income quintile 5 (highest),_Z,Not applicable,CRUDE,Crude rate,_Z,Not applicable,G,Good/very good health,_Z,Not applicable,_Z,Not applicable,2020,,82.3,,,,,,,,,,,
DATAFLOW,OECD.ELS.HD:DSD_HEALTH_STAT@DF_PHS_SES(1.0),Perceived health status by socio-economic status,I,DNK,Denmark,A,Annual,PHS,Perceived health status,PT_POP_AGE,Percentage of population in the same age,Y_GE15,15 years or over,_T,Total,Q5,Income quintile 5 (highest),_Z,Not applicable,CRUDE,Crude rate,_Z,Not applicable,G,Good/very good health,_Z,Not applicable,_Z,Not applicable,2019,,81.9,,,,,,,,,,,
DATAFLOW,OECD.ELS.HD:DSD_HEALTH_STAT@DF_PHS_SES(1.0),Perceived health status by socio-economic status,I,DNK,Denmark,A,Annual,PHS,Perceived health status,PT_POP_AGE,Percentage of population in the same age,Y_GE15,15 years or over,_T,Total,Q5,Income quintile 5 (highest),_Z,Not applicable,CRUDE,Crude rate,_Z,Not applicable,G,Good/very good health,_Z,Not applicable,_Z,Not applicable,2018,,82.5,,,,,,,,,,,
DATAFLOW,OECD.ELS.HD:DSD_HEALTH_STAT@DF_PHS_SES(1.0),Perceived health status by socio-economic status,I,DNK,Denmark,A,Annual,PHS,Perceived health status,PT_POP_AGE,Percentage of population in the same age,Y_GE15,15 years or over,_T,Total,Q5,Income quintile 5 (highest),_Z,Not applicable,CRUDE,Crude rate,_Z,Not applicable,G,Good/very good health,_Z,Not applicable,_Z,Not applicable,2017,,80.9,,,,,,,,,,,
DATAFLOW,OECD.ELS.HD:DSD_HEALTH_STAT@DF_PHS_SES(1.0),Perceived health status by socio-economic status,I,DNK,Denmark,A,Annual,PHS,Perceived health status,PT_POP_AGE,Percentage of population in the same age,Y_GE15,15 years or over,_T,Total,Q5,Income quintile 5 (highest),_Z,Not applicable,CRUDE,Crude rate,_Z,Not applicable,G,Good/very good health,_Z,Not applicable,_Z,Not applicable,2016,,83.9,,,,,,,,,,,
DATAFLOW,OECD.ELS.HD:DSD_HEALTH_STAT@DF_PHS_SES(1.0),Perceived health status by socio-economic status,I,DNK,Denmark,A,Annual,PHS,Perceived health status,PT_POP_AGE,Percentage of population in the same age,Y_GE15,15 years or over,_T,Total,Q5,Income quintile 5 (highest),_Z,Not applicable,CRUDE,Crude rate,_Z,Not applicable,G,Good/very good health,_Z,Not applicable,_Z,Not applicable,2023,,77.3,,,,,,,,,,,
DATAFLOW,OECD.ELS.HD:DSD_HEALTH_STAT@DF_PHS_SES(1.0),Perceived health status by socio-economic status,I,DNK,Denmark,A,Annual,PHS,Perceived health status,PT_POP_AGE,Percentage of population in the same age,Y_GE15,15 years or over,_T,Total,Q5,Income quintile 5 (highest),_Z,Not applicable,CRUDE,Crude rate,_Z,Not applicable,G,Good/very good health,_Z,Not applicable,_Z,Not applicable,2022,,76.4,,,,,,,,,,,
DATAFLOW,OECD.ELS.HD:DSD_HEALTH_STAT@DF_PHS_SES(1.0),Perceived health status by socio-economic status,I,DEU,Germany,A,Annual,PHS,Perceived health status,PT_POP_AGE,Percentage of population in the same age,Y_GE15,15 years or over,_T,Total,Q5,Income quintile 5 (highest),_Z,Not applicable,CRUDE,Crude rate,_Z,Not applicable,G,Good/very good health,_Z,Not applicable,_Z,Not applicable,2021,,78.3,,,,,,,,,,,
DATAFLOW,OECD.ELS.HD:DSD_HEALTH_STAT@DF_PHS_SES(1.0),Perceived health status by socio-economic status,I,DEU,Germany,A,Annual,PHS,Perceived health status,PT_POP_AGE,Percentage of population in the same age,Y_GE15,15 years or over,_T,Total,Q5,Income quintile 5 (highest),_Z,Not applicable,CRUDE,Crude rate,_Z,Not applicable,G,Good/very good health,_Z,Not applicable,_Z,Not applicable,2020,,79.7,,,,,,,,,,,
DATAFLOW,OECD.ELS.HD:DSD_HEALTH_STAT@DF_PHS_SES(1.0),Perceived health status by socio-economic status,I,DEU,Germany,A,Annual,PHS,Perceived health status,PT_POP_AGE,Percentage of population in the same age,Y_GE15,15 years or over,_T,Total,Q5,Income quintile 5 (highest),_Z,Not applicable,CRUDE,Crude rate,_Z,Not applicable,G,Good/very good health,_Z,Not applicable,_Z,Not applicable,2019,,80.3,,,,,,,,,,,
DATAFLOW,OECD.ELS.HD:DSD_HEALTH_STAT@DF_PHS_SES(1.0),Perceived health status by socio-economic status,I,DEU,Germany,A,Annual,PHS,Perceived health status,PT_POP_AGE,Percentage of population in the same age,Y_GE15,15 years or over,_T,Total,Q5,Income quintile 5 (highest),_Z,Not applicable,CRUDE,Crude rate,_Z,Not applicable,G,Good/very good health,_Z,Not applicable,_Z,Not applicable,2018,,78.4,,,,,,,,,,,
DATAFLOW,OECD.ELS.HD:DSD_HEALTH_STAT@DF_PHS_SES(1.0),Perceived health status by socio-economic status,I,DEU,Germany,A,Annual,PHS,Perceived health status,PT_POP_AGE,Percentage of population in the same age,Y_GE15,15 years or over,_T,Total,Q5,Income quintile 5 (highest),_Z,Not applicable,CRUDE,Crude rate,_Z,Not applicable,G,Good/very good health,_Z,Not applicable,_Z,Not applicable,2017,,79.8,,,,,,,,,,,
DATAFLOW,OECD.ELS.HD:DSD_HEALTH_STAT@DF_PHS_SES(1.0),Perceived health status by socio-economic status,I,DEU,Germany,A,Annual,PHS,Perceived health status,PT_POP_AGE,Percentage of population in the same age,Y_GE15,15 years or over,_T,Total,Q5,Income quintile 5 (highest),_Z,Not applicable,CRUDE,Crude rate,_Z,Not applicable,G,Good/very good health,_Z,Not applicable,_Z,Not applicable,2016,,79.1,,,,,,,,,,,
DATAFLOW,OECD.ELS.HD:DSD_HEALTH_STAT@DF_PHS_SES(1.0),Perceived health status by socio-economic status,I,DEU,Germany,A,Annual,PHS,Perceived health status,PT_POP_AGE,Percentage of population in the same age,Y_GE15,15 years or over,_T,Total,Q5,Income quintile 5 (highest),_Z,Not applicable,CRUDE,Crude rate,_Z,Not applicable,G,Good/very good health,_Z,Not applicable,_Z,Not applicable,2023,,79.1,,,,,,,,,,,
DATAFLOW,OECD.ELS.HD:DSD_HEALTH_STAT@DF_PHS_SES(1.0),Perceived health status by socio-economic status,I,DEU,Germany,A,Annual,PHS,Perceived health status,PT_POP_AGE,Percentage of population in the same age,Y_GE15,15 years or over,_T,Total,Q5,Income quintile 5 (highest),_Z,Not applicable,CRUDE,Crude rate,_Z,Not applicable,G,Good/very good health,_Z,Not applicable,_Z,Not applicable,2022,,78.3,,,,,,,,,,,
DATAFLOW,OECD.ELS.HD:DSD_HEALTH_STAT@DF_PHS_SES(1.0),Perceived health status by socio-economic status,I,NZL,New Zealand,A,Annual,PHS,Perceived health status,PT_POP_AGE,Percentage of population in the same age,Y_GE15,15 years or over,_T,Total,Q1,Income quintile 1 (lowest),_Z,Not applicable,CRUDE,Crude rate,_Z,Not applicable,G,Good/very good health,_Z,Not applicable,_Z,Not applicable,2021,,86.7,,,,D,Definition differs,,,,,,
DATAFLOW,OECD.ELS.HD:DSD_HEALTH_STAT@DF_PHS_SES(1.0),Perceived health status by socio-economic status,I,NZL,New Zealand,A,Annual,PHS,Perceived health status,PT_POP_AGE,Percentage of population in the same age,Y_GE15,15 years or over,_T,Total,Q1,Income quintile 1 (lowest),_Z,Not applicable,CRUDE,Crude rate,_Z,Not applicable,G,Good/very good health,_Z,Not applicable,_Z,Not applicable,2020,,83.5,,,,D,Definition differs,,,,,,
DATAFLOW,OECD.ELS.HD:DSD_HEALTH_STAT@DF_PHS_SES(1.0),Perceived health status by socio-economic status,I,NZL,New Zealand,A,Annual,PHS,Perceived health status,PT_POP_AGE,Percentage of population in the same age,Y_GE15,15 years or over,_T,Total,Q1,Income quintile 1 (lowest),_Z,Not applicable,CRUDE,Crude rate,_Z,Not applicable,G,Good/very good health,_Z,Not applicable,_Z,Not applicable,2019,,82,,,,D,Definition differs,,,,,,
DATAFLOW,OECD.ELS.HD:DSD_HEALTH_STAT@DF_PHS_SES(1.0),Perceived health status by socio-economic status,I,NZL,New Zealand,A,Annual,PHS,Perceived health status,PT_POP_AGE,Percentage of population in the same age,Y_GE15,15 years or over,_T,Total,Q1,Income quintile 1 (lowest),_Z,Not applicable,CRUDE,Crude rate,_Z,Not applicable,G,Good/very good health,_Z,Not applicable,_Z,Not applicable,2018,,89.6,,,,D,Definition differs,,,,,,
DATAFLOW,OECD.ELS.HD:DSD_HEALTH_STAT@DF_PHS_SES(1.0),Perceived health status by socio-economic status,I,NZL,New Zealand,A,Annual,PHS,Perceived health status,PT_POP_AGE,Percentage of population in the same age,Y_GE15,15 years or over,_T,Total,Q1,Income quintile 1 (lowest),_Z,Not applicable,CRUDE,Crude rate,_Z,Not applicable,G,Good/very good health,_Z,Not applicable,_Z,Not applicable,2017,,89.7,,,,D,Definition differs,,,,,,
DATAFLOW,OECD.ELS.HD:DSD_HEALTH_STAT@DF_PHS_SES(1.0),Perceived health status by socio-economic status,I,NZL,New Zealand,A,Annual,PHS,Perceived health status,PT_POP_AGE,Percentage of population in the same age,Y_GE15,15 years or over,_T,Total,Q1,Income quintile 1 (lowest),_Z,Not applicable,CRUDE,Crude rate,_Z,Not applicable,G,Good/very good health,_Z,Not applicable,_Z,Not applicable,2016,,88.4,,,,D,Definition differs,,,,,,
DATAFLOW,OECD.ELS.HD:DSD_HEALTH_STAT@DF_PHS_SES(1.0),Perceived health status by socio-economic status,I,NZL,New Zealand,A,Annual,PHS,Perceived health status,PT_POP_AGE,Percentage of population in the same age,Y_GE15,15 years or over,_T,Total,Q1,Income quintile 1 (lowest),_Z,Not applicable,CRUDE,Crude rate,_Z,Not applicable,G,Good/very good health,_Z,Not applicable,_Z,Not applicable,2023,,84,,,,D,Definition differs,,,,,,
DATAFLOW,OECD.ELS.HD:DSD_HEALTH_STAT@DF_PHS_SES(1.0),Perceived health status by socio-economic status,I,NZL,New Zealand,A,Annual,PHS,Perceived health status,PT_POP_AGE,Percentage of population in the same age,Y_GE15,15 years or over,_T,Total,Q1,Income quintile 1 (lowest),_Z,Not applicable,CRUDE,Crude rate,_Z,Not applicable,G,Good/very good health,_Z,Not applicable,_Z,Not applicable,2022,,84.5,,,,D,Definition differs,,,,,,
DATAFLOW,OECD.ELS.HD:DSD_HEALTH_STAT@DF_PHS_SES(1.0),Perceived health status by socio-economic status,I,GRC,Greece,A,Annual,PHS,Perceived health status,PT_POP_AGE,Percentage of population in the same age,Y_GE15,15 years or over,_T,Total,Q1,Income quintile 1 (lowest),_Z,Not applicable,CRUDE,Crude rate,_Z,Not applicable,G,Good/very good health,_Z,Not applicable,_Z,Not applicable,2018,,76.6,,,,,,,,,,,
DATAFLOW,OECD.ELS.HD:DSD_HEALTH_STAT@DF_PHS_SES(1.0),Perceived health status by socio-economic status,I,GRC,Greece,A,Annual,PHS,Perceived health status,PT_POP_AGE,Percentage of population in the same age,Y_GE15,15 years or over,_T,Total,Q1,Income quintile 1 (lowest),_Z,Not applicable,CRUDE,Crude rate,_Z,Not applicable,G,Good/very good health,_Z,Not applicable,_Z,Not applicable,2017,,75.3,,,,,,,,,,,
DATAFLOW,OECD.ELS.HD:DSD_HEALTH_STAT@DF_PHS_SES(1.0),Perceived health status by socio-economic status,I,GRC,Greece,A,Annual,PHS,Perceived health status,PT_POP_AGE,Percentage of population in the same age,Y_GE15,15 years or over,_T,Total,Q1,Income quintile 1 (lowest),_Z,Not applicable,CRUDE,Crude rate,_Z,Not applicable,G,Good/very good health,_Z,Not applicable,_Z,Not applicable,2016,,76.1,,,,,,,,,,,
DATAFLOW,OECD.ELS.HD:DSD_HEALTH_STAT@DF_PHS_SES(1.0),Perceived health status by socio-economic status,I,GRC,Greece,A,Annual,PHS,Perceived health status,PT_POP_AGE,Percentage of population in the same age,Y_GE15,15 years or over,_T,Total,Q1,Income quintile 1 (lowest),_Z,Not applicable,CRUDE,Crude rate,_Z,Not applicable,G,Good/very good health,_Z,Not applicable,_Z,Not applicable,2023,,73.6,,,,,,,,,,,
DATAFLOW,OECD.ELS.HD:DSD_HEALTH_STAT@DF_PHS_SES(1.0),Perceived health status by socio-economic status,I,GRC,Greece,A,Annual,PHS,Perceived health status,PT_POP_AGE,Percentage of population in the same age,Y_GE15,15 years or over,_T,Total,Q1,Income quintile 1 (lowest),_Z,Not applicable,CRUDE,Crude rate,_Z,Not applicable,G,Good/very good health,_Z,Not applicable,_Z,Not applicable,2022,,74.1,,,,,,,,,,,
DATAFLOW,OECD.ELS.HD:DSD_HEALTH_STAT@DF_PHS_SES(1.0),Perceived health status by socio-economic status,I,GRC,Greece,A,Annual,PHS,Perceived health status,PT_POP_AGE,Percentage of population in the same age,Y_GE15,15 years or over,_T,Total,Q1,Income quintile 1 (lowest),_Z,Not applicable,CRUDE,Crude rate,_Z,Not applicable,G,Good/very good health,_Z,Not applicable,_Z,Not applicable,2021,,77.9,,,,,,,,,,,
DATAFLOW,OECD.ELS.HD:DSD_HEALTH_STAT@DF_PHS_SES(1.0),Perceived health status by socio-economic status,I,GRC,Greece,A,Annual,PHS,Perceived health status,PT_POP_AGE,Percentage of population in the same age,Y_GE15,15 years or over,_T,Total,Q1,Income quintile 1 (lowest),_Z,Not applicable,CRUDE,Crude rate,_Z,Not applicable,G,Good/very good health,_Z,Not applicable,_Z,Not applicable,2020,,76.2,,,,,,,,,,,
DATAFLOW,OECD.ELS.HD:DSD_HEALTH_STAT@DF_PHS_SES(1.0),Perceived health status by socio-economic status,I,GRC,Greece,A,Annual,PHS,Perceived health status,PT_POP_AGE,Percentage of population in the same age,Y_GE15,15 years or over,_T,Total,Q1,Income quintile 1 (lowest),_Z,Not applicable,CRUDE,Crude rate,_Z,Not applicable,G,Good/very good health,_Z,Not applicable,_Z,Not applicable,2019,,77.9,,,,,,,,,,,
DATAFLOW,OECD.ELS.HD:DSD_HEALTH_STAT@DF_PHS_SES(1.0),Perceived health status by socio-economic status,I,NOR,Norway,A,Annual,PHS,Perceived health status,PT_POP_AGE,Percentage of population in the same age,Y_GE15,15 years or over,_T,Total,Q5,Income quintile 5 (highest),_Z,Not applicable,CRUDE,Crude rate,_Z,Not applicable,G,Good/very good health,_Z,Not applicable,_Z,Not applicable,2021,,84.4,,,,,,,,,,,
DATAFLOW,OECD.ELS.HD:DSD_HEALTH_STAT@DF_PHS_SES(1.0),Perceived health status by socio-economic status,I,NOR,Norway,A,Annual,PHS,Perceived health status,PT_POP_AGE,Percentage of population in the same age,Y_GE15,15 years or over,_T,Total,Q5,Income quintile 5 (highest),_Z,Not applicable,CRUDE,Crude rate,_Z,Not applicable,G,Good/very good health,_Z,Not applicable,_Z,Not applicable,2020,,82.9,,,,,,,,,,,
DATAFLOW,OECD.ELS.HD:DSD_HEALTH_STAT@DF_PHS_SES(1.0),Perceived health status by socio-economic status,I,NOR,Norway,A,Annual,PHS,Perceived health status,PT_POP_AGE,Percentage of population in the same age,Y_GE15,15 years or over,_T,Total,Q5,Income quintile 5 (highest),_Z,Not applicable,CRUDE,Crude rate,_Z,Not applicable,G,Good/very good health,_Z,Not applicable,_Z,Not applicable,2019,,83.3,,,,,,,,,,,
DATAFLOW,OECD.ELS.HD:DSD_HEALTH_STAT@DF_PHS_SES(1.0),Perceived health status by socio-economic status,I,NOR,Norway,A,Annual,PHS,Perceived health status,PT_POP_AGE,Percentage of population in the same age,Y_GE15,15 years or over,_T,Total,Q5,Income quintile 5 (highest),_Z,Not applicable,CRUDE,Crude rate,_Z,Not applicable,G,Good/very good health,_Z,Not applicable,_Z,Not applicable,2018,,84.5,,,,,,,,,,,
DATAFLOW,OECD.ELS.HD:DSD_HEALTH_STAT@DF_PHS_SES(1.0),Perceived health status by socio-economic status,I,NOR,Norway,A,Annual,PHS,Perceived health status,PT_POP_AGE,Percentage of population in the same age,Y_GE15,15 years or over,_T,Total,Q5,Income quintile 5 (highest),_Z,Not applicable,CRUDE,Crude rate,_Z,Not applicable,G,Good/very good health,_Z,Not applicable,_Z,Not applicable,2017,,85.9,,,,,,,,,,,
DATAFLOW,OECD.ELS.HD:DSD_HEALTH_STAT@DF_PHS_SES(1.0),Perceived health status by socio-economic status,I,NOR,Norway,A,Annual,PHS,Perceived health status,PT_POP_AGE,Percentage of population in the same age,Y_GE15,15 years or over,_T,Total,Q5,Income quintile 5 (highest),_Z,Not applicable,CRUDE,Crude rate,_Z,Not applicable,G,Good/very good health,_Z,Not applicable,_Z,Not applicable,2016,,86.1,,,,,,,,,,,
DATAFLOW,OECD.ELS.HD:DSD_HEALTH_STAT@DF_PHS_SES(1.0),Perceived health status by socio-economic status,I,NOR,Norway,A,Annual,PHS,Perceived health status,PT_POP_AGE,Percentage of population in the same age,Y_GE15,15 years or over,_T,Total,Q5,Income quintile 5 (highest),_Z,Not applicable,CRUDE,Crude rate,_Z,Not applicable,G,Good/very good health,_Z,Not applicable,_Z,Not applicable,2023,,81.8,,,,,,,,,,,
DATAFLOW,OECD.ELS.HD:DSD_HEALTH_STAT@DF_PHS_SES(1.0),Perceived health status by socio-economic status,I,NOR,Norway,A,Annual,PHS,Perceived health status,PT_POP_AGE,Percentage of population in the same age,Y_GE15,15 years or over,_T,Total,Q5,Income quintile 5 (highest),_Z,Not applicable,CRUDE,Crude rate,_Z,Not applicable,G,Good/very good health,_Z,Not applicable,_Z,Not applicable,2022,,82.5,,,,,,,,,,,
DATAFLOW,OECD.ELS.HD:DSD_HEALTH_STAT@DF_PHS_SES(1.0),Perceived health status by socio-economic status,I,GRC,Greece,A,Annual,PHS,Perceived health status,PT_POP_AGE,Percentage of population in the same age,Y_GE15,15 years or over,_T,Total,Q5,Income quintile 5 (highest),_Z,Not applicable,CRUDE,Crude rate,_Z,Not applicable,G,Good/very good health,_Z,Not applicable,_Z,Not applicable,2021,,83.9,,,,,,,,,,,
DATAFLOW,OECD.ELS.HD:DSD_HEALTH_STAT@DF_PHS_SES(1.0),Perceived health status by socio-economic status,I,GRC,Greece,A,Annual,PHS,Perceived health status,PT_POP_AGE,Percentage of population in the same age,Y_GE15,15 years or over,_T,Total,Q5,Income quintile 5 (highest),_Z,Not applicable,CRUDE,Crude rate,_Z,Not applicable,G,Good/very good health,_Z,Not applicable,_Z,Not applicable,2020,,85.2,,,,,,,,,,,
DATAFLOW,OECD.ELS.HD:DSD_HEALTH_STAT@DF_PHS_SES(1.0),Perceived health status by socio-economic status,I,GRC,Greece,A,Annual,PHS,Perceived health status,PT_POP_AGE,Percentage of population in the same age,Y_GE15,15 years or over,_T,Total,Q5,Income quintile 5 (highest),_Z,Not applicable,CRUDE,Crude rate,_Z,Not applicable,G,Good/very good health,_Z,Not applicable,_Z,Not applicable,2019,,87.4,,,,,,,,,,,
DATAFLOW,OECD.ELS.HD:DSD_HEALTH_STAT@DF_PHS_SES(1.0),Perceived health status by socio-economic status,I,GRC,Greece,A,Annual,PHS,Perceived health status,PT_POP_AGE,Percentage of population in the same age,Y_GE15,15 years or over,_T,Total,Q5,Income quintile 5 (highest),_Z,Not applicable,CRUDE,Crude rate,_Z,Not applicable,G,Good/very good health,_Z,Not applicable,_Z,Not applicable,2018,,84.2,,,,,,,,,,,
DATAFLOW,OECD.ELS.HD:DSD_HEALTH_STAT@DF_PHS_SES(1.0),Perceived health status by socio-economic status,I,GRC,Greece,A,Annual,PHS,Perceived health status,PT_POP_AGE,Percentage of population in the same age,Y_GE15,15 years or over,_T,Total,Q5,Income quintile 5 (highest),_Z,Not applicable,CRUDE,Crude rate,_Z,Not applicable,G,Good/very good health,_Z,Not applicable,_Z,Not applicable,2017,,81.8,,,,,,,,,,,
DATAFLOW,OECD.ELS.HD:DSD_HEALTH_STAT@DF_PHS_SES(1.0),Perceived health status by socio-economic status,I,GRC,Greece,A,Annual,PHS,Perceived health status,PT_POP_AGE,Percentage of population in the same age,Y_GE15,15 years or over,_T,Total,Q5,Income quintile 5 (highest),_Z,Not applicable,CRUDE,Crude rate,_Z,Not applicable,G,Good/very good health,_Z,Not applicable,_Z,Not applicable,2016,,82,,,,,,,,,,,
DATAFLOW,OECD.ELS.HD:DSD_HEALTH_STAT@DF_PHS_SES(1.0),Perceived health status by socio-economic status,I,GRC,Greece,A,Annual,PHS,Perceived health status,PT_POP_AGE,Percentage of population in the same age,Y_GE15,15 years or over,_T,Total,Q5,Income quintile 5 (highest),_Z,Not applicable,CRUDE,Crude rate,_Z,Not applicable,G,Good/very good health,_Z,Not applicable,_Z,Not applicable,2023,,84.1,,,,,,,,,,,
DATAFLOW,OECD.ELS.HD:DSD_HEALTH_STAT@DF_PHS_SES(1.0),Perceived health status by socio-economic status,I,GRC,Greece,A,Annual,PHS,Perceived health status,PT_POP_AGE,Percentage of population in the same age,Y_GE15,15 years or over,_T,Total,Q5,Income quintile 5 (highest),_Z,Not applicable,CRUDE,Crude rate,_Z,Not applicable,G,Good/very good health,_Z,Not applicable,_Z,Not applicable,2022,,83.1,,,,,,,,,,,
DATAFLOW,OECD.ELS.HD:DSD_HEALTH_STAT@DF_PHS_SES(1.0),Perceived health status by socio-economic status,I,GBR,United Kingdom,A,Annual,PHS,Perceived health status,PT_POP_AGE,Percentage of population in the same age,Y_GE15,15 years or over,_T,Total,Q1,Income quintile 1 (lowest),_Z,Not applicable,CRUDE,Crude rate,_Z,Not applicable,G,Good/very good health,_Z,Not applicable,_Z,Not applicable,2016,,59.6,,,,,,,,,,,
DATAFLOW,OECD.ELS.HD:DSD_HEALTH_STAT@DF_PHS_SES(1.0),Perceived health status by socio-economic status,I,GBR,United Kingdom,A,Annual,PHS,Perceived health status,PT_POP_AGE,Percentage of population in the same age,Y_GE15,15 years or over,_T,Total,Q1,Income quintile 1 (lowest),_Z,Not applicable,CRUDE,Crude rate,_Z,Not applicable,G,Good/very good health,_Z,Not applicable,_Z,Not applicable,2019,,62.5,,,,B,Time series break,,,,,,
DATAFLOW,OECD.ELS.HD:DSD_HEALTH_STAT@DF_PHS_SES(1.0),Perceived health status by socio-economic status,I,GBR,United Kingdom,A,Annual,PHS,Perceived health status,PT_POP_AGE,Percentage of population in the same age,Y_GE15,15 years or over,_T,Total,Q1,Income quintile 1 (lowest),_Z,Not applicable,CRUDE,Crude rate,_Z,Not applicable,G,Good/very good health,_Z,Not applicable,_Z,Not applicable,2018,,62.2,,,,,,,,,,,
DATAFLOW,OECD.ELS.HD:DSD_HEALTH_STAT@DF_PHS_SES(1.0),Perceived health status by socio-economic status,I,GBR,United Kingdom,A,Annual,PHS,Perceived health status,PT_POP_AGE,Percentage of population in the same age,Y_GE15,15 years or over,_T,Total,Q1,Income quintile 1 (lowest),_Z,Not applicable,CRUDE,Crude rate,_Z,Not applicable,G,Good/very good health,_Z,Not applicable,_Z,Not applicable,2017,,64.4,,,,,,,,,,,
DATAFLOW,OECD.ELS.HD:DSD_HEALTH_STAT@DF_PHS_SES(1.0),Perceived health status by socio-economic status,I,CAN,Canada,A,Annual,PHS,Perceived health status,PT_POP_AGE,Percentage of population in the same age,Y_GE15,15 years or over,_T,Total,Q1,Income quintile 1 (lowest),_Z,Not applicable,CRUDE,Crude rate,_Z,Not applicable,G,Good/very good health,_Z,Not applicable,_Z,Not applicable,2018,,80.9,,,,D,Definition differs,,,,,,
DATAFLOW,OECD.ELS.HD:DSD_HEALTH_STAT@DF_PHS_SES(1.0),Perceived health status by socio-economic status,I,CAN,Canada,A,Annual,PHS,Perceived health status,PT_POP_AGE,Percentage of population in the same age,Y_GE15,15 years or over,_T,Total,Q1,Income quintile 1 (lowest),_Z,Not applicable,CRUDE,Crude rate,_Z,Not applicable,G,Good/very good health,_Z,Not applicable,_Z,Not applicable,2017,,81.1,,,,D,Definition differs,,,,,,
DATAFLOW,OECD.ELS.HD:DSD_HEALTH_STAT@DF_PHS_SES(1.0),Perceived health status by socio-economic status,I,CAN,Canada,A,Annual,PHS,Perceived health status,PT_POP_AGE,Percentage of population in the same age,Y_GE15,15 years or over,_T,Total,Q1,Income quintile 1 (lowest),_Z,Not applicable,CRUDE,Crude rate,_Z,Not applicable,G,Good/very good health,_Z,Not applicable,_Z,Not applicable,2016,,79.9,,,,D,Definition differs,,,,,,
DATAFLOW,OECD.ELS.HD:DSD_HEALTH_STAT@DF_PHS_SES(1.0),Perceived health status by socio-economic status,I,CAN,Canada,A,Annual,PHS,Perceived health status,PT_POP_AGE,Percentage of population in the same age,Y_GE15,15 years or over,_T,Total,Q1,Income quintile 1 (lowest),_Z,Not applicable,CRUDE,Crude rate,_Z,Not applicable,G,Good/very good health,_Z,Not applicable,_Z,Not applicable,2022,,77.6,,,,D,Definition differs,,,,,,
DATAFLOW,OECD.ELS.HD:DSD_HEALTH_STAT@DF_PHS_SES(1.0),Perceived health status by socio-economic status,I,CAN,Canada,A,Annual,PHS,Perceived health status,PT_POP_AGE,Percentage of population in the same age,Y_GE15,15 years or over,_T,Total,Q1,Income quintile 1 (lowest),_Z,Not applicable,CRUDE,Crude rate,_Z,Not applicable,G,Good/very good health,_Z,Not applicable,_Z,Not applicable,2021,,80,,,,D,Definition differs,,,,,,
DATAFLOW,OECD.ELS.HD:DSD_HEALTH_STAT@DF_PHS_SES(1.0),Perceived health status by socio-economic status,I,CAN,Canada,A,Annual,PHS,Perceived health status,PT_POP_AGE,Percentage of population in the same age,Y_GE15,15 years or over,_T,Total,Q1,Income quintile 1 (lowest),_Z,Not applicable,CRUDE,Crude rate,_Z,Not applicable,G,Good/very good health,_Z,Not applicable,_Z,Not applicable,2020,,81.6,,,,D,Definition differs,,,,,,
DATAFLOW,OECD.ELS.HD:DSD_HEALTH_STAT@DF_PHS_SES(1.0),Perceived health status by socio-economic status,I,CAN,Canada,A,Annual,PHS,Perceived health status,PT_POP_AGE,Percentage of population in the same age,Y_GE15,15 years or over,_T,Total,Q1,Income quintile 1 (lowest),_Z,Not applicable,CRUDE,Crude rate,_Z,Not applicable,G,Good/very good health,_Z,Not applicable,_Z,Not applicable,2019,,81.4,,,,D,Definition differs,,,,,,
DATAFLOW,OECD.ELS.HD:DSD_HEALTH_STAT@DF_PHS_SES(1.0),Perceived health status by socio-economic status,I,AUS,Australia,A,Annual,PHS,Perceived health status,PT_POP_AGE,Percentage of population in the same age,Y_GE15,15 years or over,_T,Total,Q5,Income quintile 5 (highest),_Z,Not applicable,CRUDE,Crude rate,_Z,Not applicable,G,Good/very good health,_Z,Not applicable,_Z,Not applicable,2022,,93.2,,,,D,Definition differs,,,,,,
DATAFLOW,OECD.ELS.HD:DSD_HEALTH_STAT@DF_PHS_SES(1.0),Perceived health status by socio-economic status,I,AUS,Australia,A,Annual,PHS,Perceived health status,PT_POP_AGE,Percentage of population in the same age,Y_GE15,15 years or over,_T,Total,Q5,Income quintile 5 (highest),_Z,Not applicable,CRUDE,Crude rate,_Z,Not applicable,G,Good/very good health,_Z,Not applicable,_Z,Not applicable,2017,,93,,,,D,Definition differs,,,,,,
DATAFLOW,OECD.ELS.HD:DSD_HEALTH_STAT@DF_PHS_SES(1.0),Perceived health status by socio-economic status,I,USA,United States,A,Annual,PHS,Perceived health status,PT_POP_AGE,Percentage of population in the same age,Y_GE15,15 years or over,_T,Total,Q5,Income quintile 5 (highest),_Z,Not applicable,CRUDE,Crude rate,_Z,Not applicable,G,Good/very good health,_Z,Not applicable,_Z,Not applicable,2021,,95.5,,,,D,Definition differs,,,,,,
DATAFLOW,OECD.ELS.HD:DSD_HEALTH_STAT@DF_PHS_SES(1.0),Perceived health status by socio-economic status,I,USA,United States,A,Annual,PHS,Perceived health status,PT_POP_AGE,Percentage of population in the same age,Y_GE15,15 years or over,_T,Total,Q5,Income quintile 5 (highest),_Z,Not applicable,CRUDE,Crude rate,_Z,Not applicable,G,Good/very good health,_Z,Not applicable,_Z,Not applicable,2020,,94.7,,,,D,Definition differs,,,,,,
DATAFLOW,OECD.ELS.HD:DSD_HEALTH_STAT@DF_PHS_SES(1.0),Perceived health status by socio-economic status,I,USA,United States,A,Annual,PHS,Perceived health status,PT_POP_AGE,Percentage of population in the same age,Y_GE15,15 years or over,_T,Total,Q5,Income quintile 5 (highest),_Z,Not applicable,CRUDE,Crude rate,_Z,Not applicable,G,Good/very good health,_Z,Not applicable,_Z,Not applicable,2019,,95.1,,,,D,Definition differs,,,,,,
DATAFLOW,OECD.ELS.HD:DSD_HEALTH_STAT@DF_PHS_SES(1.0),Perceived health status by socio-economic status,I,USA,United States,A,Annual,PHS,Perceived health status,PT_POP_AGE,Percentage of population in the same age,Y_GE15,15 years or over,_T,Total,Q5,Income quintile 5 (highest),_Z,Not applicable,CRUDE,Crude rate,_Z,Not applicable,G,Good/very good health,_Z,Not applicable,_Z,Not applicable,2018,,96.2,,,,D,Definition differs,,,,,,
DATAFLOW,OECD.ELS.HD:DSD_HEALTH_STAT@DF_PHS_SES(1.0),Perceived health status by socio-economic status,I,USA,United States,A,Annual,PHS,Perceived health status,PT_POP_AGE,Percentage of population in the same age,Y_GE15,15 years or over,_T,Total,Q5,Income quintile 5 (highest),_Z,Not applicable,CRUDE,Crude rate,_Z,Not applicable,G,Good/very good health,_Z,Not applicable,_Z,Not applicable,2017,,96.3,,,,D,Definition differs,,,,,,
DATAFLOW,OECD.ELS.HD:DSD_HEALTH_STAT@DF_PHS_SES(1.0),Perceived health status by socio-economic status,I,USA,United States,A,Annual,PHS,Perceived health status,PT_POP_AGE,Percentage of population in the same age,Y_GE15,15 years or over,_T,Total,Q5,Income quintile 5 (highest),_Z,Not applicable,CRUDE,Crude rate,_Z,Not applicable,G,Good/very good health,_Z,Not applicable,_Z,Not applicable,2016,,96.4,,,,D,Definition differs,,,,,,
DATAFLOW,OECD.ELS.HD:DSD_HEALTH_STAT@DF_PHS_SES(1.0),Perceived health status by socio-economic status,I,USA,United States,A,Annual,PHS,Perceived health status,PT_POP_AGE,Percentage of population in the same age,Y_GE15,15 years or over,_T,Total,Q5,Income quintile 5 (highest),_Z,Not applicable,CRUDE,Crude rate,_Z,Not applicable,G,Good/very good health,_Z,Not applicable,_Z,Not applicable,2022,,95.1,,,,D,Definition differs,,,,,,
DATAFLOW,OECD.ELS.HD:DSD_HEALTH_STAT@DF_PHS_SES(1.0),Perceived health status by socio-economic status,I,AUS,Australia,A,Annual,PHS,Perceived health status,PT_POP_AGE,Percentage of population in the same age,Y_GE15,15 years or over,_T,Total,Q1,Income quintile 1 (lowest),_Z,Not applicable,CRUDE,Crude rate,_Z,Not applicable,G,Good/very good health,_Z,Not applicable,_Z,Not applicable,2022,,83.6,,,,D,Definition differs,,,,,,
DATAFLOW,OECD.ELS.HD:DSD_HEALTH_STAT@DF_PHS_SES(1.0),Perceived health status by socio-economic status,I,AUS,Australia,A,Annual,PHS,Perceived health status,PT_POP_AGE,Percentage of population in the same age,Y_GE15,15 years or over,_T,Total,Q1,Income quintile 1 (lowest),_Z,Not applicable,CRUDE,Crude rate,_Z,Not applicable,G,Good/very good health,_Z,Not applicable,_Z,Not applicable,2017,,84.1,,,,D,Definition differs,,,,,,
